{
  "final_sigil": "de2f256064a0af797747c2b97505dc0b9f3df0de4f489eac731c23ae9ca9cc31",
  "entropy_series": [
    0.4675060363753156,
    0.4151789189296481,
    0.27620978680496927,
    0.14466690469608728,
    0.2194243449402681,
    0.10202528991914128,
    0.031755947593694496,
    0.060793812061723504,
    0.1626233457459273,
    0.04795014975730415,
    0.08507142961486634,
    0.010173594716635618,
    0.06462342945051262,
    0.03809710184717688,
    0.004044739648674521,
    0.029416957330933167,
    0.008159049496109098,
    0.008915978964963421,
    0.01638543937701103,
    0.0013016277411817961,
    0.0032280980936655558,
    0.004761326154238246,
    0.0029529490548129596,
    0.002541519830019838,
    0.002818107795754784,
    0.0015439607167456188,
    0.0028550453122554754,
    0.0016188465622362662,
    0.001047428576522286,
    0.0010028363541144981,
    0.0013384746369471125,
    0.0003802141807608745,
    0.0003025169032401077,
    0.00039393293672815625,
    0.00020963640082803452,
    0.0004412641007117292,
    0.00015784515303078335,
    0.0002191062791348243,
    6.699070406616677e-05,
    0.00013161045423442714,
    0.0001362453693869237,
    4.585348498058983e-05,
    5.525680081940862e-05,
    7.117679619985163e-06,
    6.039365720139088e-05,
    1.2705717563215162e-05,
    6.425937087455945e-06,
    2.5729756337522875e-05,
    1.0228427339187116e-05,
    3.360444270122764e-06,
    1.5483087902459336e-05,
    1.571348969061264e-06,
    5.925101802624721e-06,
    5.694672907417923e-06,
    5.773180527510703e-06,
    3.6698225703271575e-06,
    1.700347267610055e-06,
    2.7913927378218565e-06,
    2.9563042445750504e-08,
    2.346287106642862e-06,
    2.8957330442774564e-07,
    1.1652517170556026e-06,
    8.171444314356954e-07,
    4.854042299760114e-07
  ],
  "glyph_distribution": {
    "\u0393": 0
  }
}